family,model,total_time,method,resolution,gate_proxy,spectral_error,trace_fidelity
TFIM,TFIM_4q_J2.0_h0.25,0.5,trotter1,2,4,0.17576100398665867,0.9908238077630096
TFIM,TFIM_4q_J2.0_h0.25,0.5,trotter1,4,8,0.08561567233501037,0.997810873354632
TFIM,TFIM_4q_J2.0_h0.25,0.5,trotter1,6,12,0.056819189691753196,0.9990348851620046
TFIM,TFIM_4q_J2.0_h0.25,0.5,suzuki2,2,6,0.02317914557257994,0.9998331127058294
TFIM,TFIM_4q_J2.0_h0.25,0.5,suzuki2,4,12,0.005428441557081138,0.9999909607375627
TFIM,TFIM_4q_J2.0_h0.25,0.5,suzuki2,6,18,0.0023851037613989803,0.9999982585886037
TFIM,TFIM_4q_J2.0_h0.25,0.5,cartan_restricted,2,6,0.284006412592274,0.9745345353107581
TFIM,TFIM_4q_J2.0_h0.25,0.5,cartan_restricted,4,12,0.28400641259227627,0.9745345353107581
TFIM,TFIM_4q_J2.0_h0.25,0.5,cartan_restricted,6,18,0.28400641259227816,0.9745345353107592
TFIM,TFIM_4q_J2.0_h0.25,0.5,lc_qaoa,2,6,0.0914664301892222,0.9974052818770277
TFIM,TFIM_4q_J2.0_h0.25,0.5,lc_qaoa,4,12,0.021644695823951635,0.9998563155885005
TFIM,TFIM_4q_J2.0_h0.25,0.5,lc_qaoa,6,18,0.009527030707596255,0.9999722172958303
TFIM,TFIM_4q_J2.0_h0.25,0.5,alt_qaoa_fit,2,4,0.03195303544475396,0.9997037097990265
TFIM,TFIM_4q_J2.0_h0.25,0.5,alt_qaoa_fit,4,8,0.0013395669968510853,0.9999994903205408
TFIM,TFIM_4q_J2.0_h0.25,0.5,alt_qaoa_fit,6,12,0.0005381484395152798,0.9999999192157388
TFIM,TFIM_4q_J2.0_h0.25,0.5,prl_cartan_fit,2,9,0.335952805148293,0.9637995358761842
TFIM,TFIM_4q_J2.0_h0.25,0.5,prl_cartan_fit,4,17,0.33599941327926114,0.9637923746871351
TFIM,TFIM_4q_J2.0_h0.25,0.5,prl_cartan_fit,6,25,0.33600882713016894,0.9637910462537203
TFIM,TFIM_4q_J2.0_h0.25,0.5,cartan_qaoa_fit,2,9,0.2669877521642113,0.9803902971048798
TFIM,TFIM_4q_J2.0_h0.25,0.5,cartan_qaoa_fit,4,17,0.26689681862613485,0.9804062599790515
TFIM,TFIM_4q_J2.0_h0.25,0.5,cartan_qaoa_fit,6,25,0.2668973574118394,0.9804069437439601
TFIM,TFIM_4q_J2.0_h0.25,1.0,trotter1,2,4,0.39990880666992024,0.9533984995765924
TFIM,TFIM_4q_J2.0_h0.25,1.0,trotter1,4,8,0.17495047328005364,0.9907681678277496
TFIM,TFIM_4q_J2.0_h0.25,1.0,trotter1,6,12,0.11457647778495791,0.9960179688287095
TFIM,TFIM_4q_J2.0_h0.25,1.0,suzuki2,2,6,0.12120780128103034,0.9948053096301684
TFIM,TFIM_4q_J2.0_h0.25,1.0,suzuki2,4,12,0.021974822063253675,0.9998384631772478
TFIM,TFIM_4q_J2.0_h0.25,1.0,suzuki2,6,18,0.009334055653742516,0.9999710023716656
TFIM,TFIM_4q_J2.0_h0.25,1.0,cartan_restricted,2,6,0.471034659490216,0.9287836685097024
TFIM,TFIM_4q_J2.0_h0.25,1.0,cartan_restricted,4,12,0.471034659490217,0.9287836685097033
TFIM,TFIM_4q_J2.0_h0.25,1.0,cartan_restricted,6,18,0.471034659490218,0.9287836685097037
TFIM,TFIM_4q_J2.0_h0.25,1.0,lc_qaoa,2,6,0.45322800865560736,0.9271060755430417
TFIM,TFIM_4q_J2.0_h0.25,1.0,lc_qaoa,4,12,0.08794700693708346,0.9973927224196429
TFIM,TFIM_4q_J2.0_h0.25,1.0,lc_qaoa,6,18,0.03736710785530879,0.9995335988497757
TFIM,TFIM_4q_J2.0_h0.25,1.0,alt_qaoa_fit,2,4,0.31030491182803027,0.9698545380610559
TFIM,TFIM_4q_J2.0_h0.25,1.0,alt_qaoa_fit,4,8,0.008456924434111834,0.9999799568923613
TFIM,TFIM_4q_J2.0_h0.25,1.0,alt_qaoa_fit,6,12,0.0029161777484717002,0.9999978132452405
TFIM,TFIM_4q_J2.0_h0.25,1.0,prl_cartan_fit,2,9,0.5903407040423452,0.873895736273553
TFIM,TFIM_4q_J2.0_h0.25,1.0,prl_cartan_fit,4,17,0.5903552805680106,0.8738981098598537
TFIM,TFIM_4q_J2.0_h0.25,1.0,prl_cartan_fit,6,25,0.5903597871892479,0.8738984259456938
TFIM,TFIM_4q_J2.0_h0.25,1.0,cartan_qaoa_fit,2,9,0.4422530613781235,0.9356164467413571
TFIM,TFIM_4q_J2.0_h0.25,1.0,cartan_qaoa_fit,4,17,0.44226913426335646,0.9356057011330953
TFIM,TFIM_4q_J2.0_h0.25,1.0,cartan_qaoa_fit,6,25,0.44227387785550504,0.9356036222831289
TFIM,TFIM_4q_J2.0_h0.25,1.5,trotter1,2,4,0.586984222723282,0.8572072821748342
TFIM,TFIM_4q_J2.0_h0.25,1.5,trotter1,4,8,0.08956648400612001,0.9970366265230932
TFIM,TFIM_4q_J2.0_h0.25,1.5,trotter1,6,12,0.053838281344804215,0.9989024107179132
TFIM,TFIM_4q_J2.0_h0.25,1.5,suzuki2,2,6,0.5194494212560977,0.879334900125355
TFIM,TFIM_4q_J2.0_h0.25,1.5,suzuki2,4,12,0.03550357720026095,0.9995269013412182
TFIM,TFIM_4q_J2.0_h0.25,1.5,suzuki2,6,18,0.014363541621758229,0.999923443102113
TFIM,TFIM_4q_J2.0_h0.25,1.5,cartan_restricted,2,6,0.5405859957572859,0.869013696457817
TFIM,TFIM_4q_J2.0_h0.25,1.5,cartan_restricted,4,12,0.5405859957572867,0.8690136964578171
TFIM,TFIM_4q_J2.0_h0.25,1.5,cartan_restricted,6,18,0.5405859957572877,0.8690136964578186
TFIM,TFIM_4q_J2.0_h0.25,1.5,lc_qaoa,2,6,1.5322227172101568,0.22055280075551673
TFIM,TFIM_4q_J2.0_h0.25,1.5,lc_qaoa,4,12,0.17664809506668644,0.9877751731564682
TFIM,TFIM_4q_J2.0_h0.25,1.5,lc_qaoa,6,18,0.0639289661750816,0.9984502694790272
TFIM,TFIM_4q_J2.0_h0.25,1.5,alt_qaoa_fit,2,4,0.4942023065447972,0.9363973239052001
TFIM,TFIM_4q_J2.0_h0.25,1.5,alt_qaoa_fit,4,8,0.024496117750293183,0.9998319012397142
TFIM,TFIM_4q_J2.0_h0.25,1.5,alt_qaoa_fit,6,12,0.006259864348352379,0.999985383402414
TFIM,TFIM_4q_J2.0_h0.25,1.5,prl_cartan_fit,2,9,0.7902487941574132,0.7477307566924154
TFIM,TFIM_4q_J2.0_h0.25,1.5,prl_cartan_fit,4,17,0.7902092084979254,0.747755612649763
TFIM,TFIM_4q_J2.0_h0.25,1.5,prl_cartan_fit,6,25,0.790202140703675,0.7477600390618948
TFIM,TFIM_4q_J2.0_h0.25,1.5,cartan_qaoa_fit,2,9,0.5317631584325392,0.869753141080812
TFIM,TFIM_4q_J2.0_h0.25,1.5,cartan_qaoa_fit,4,17,0.5317823191388362,0.8697509068108937
TFIM,TFIM_4q_J2.0_h0.25,1.5,cartan_qaoa_fit,6,25,0.531787030885096,0.8697503434787694
TFIM,TFIM_4q_J2.0_h0.5,0.5,trotter1,2,4,0.34062152423093656,0.9651075388844276
TFIM,TFIM_4q_J2.0_h0.5,0.5,trotter1,4,8,0.16578622606537907,0.9916400849097338
TFIM,TFIM_4q_J2.0_h0.5,0.5,trotter1,6,12,0.11000556819455343,0.9963117914330469
TFIM,TFIM_4q_J2.0_h0.5,0.5,suzuki2,2,6,0.05063450592443285,0.9992007520402282
TFIM,TFIM_4q_J2.0_h0.5,0.5,suzuki2,4,12,0.011906936950012183,0.9999563506171724
TFIM,TFIM_4q_J2.0_h0.5,0.5,suzuki2,6,18,0.0052352751967736436,0.999991578931934
TFIM,TFIM_4q_J2.0_h0.5,0.5,cartan_restricted,2,6,0.5603998955537303,0.9022085251746504
TFIM,TFIM_4q_J2.0_h0.5,0.5,cartan_restricted,4,12,0.5603998955537333,0.9022085251746519
TFIM,TFIM_4q_J2.0_h0.5,0.5,cartan_restricted,6,18,0.5603998955537348,0.9022085251746519
TFIM,TFIM_4q_J2.0_h0.5,0.5,lc_qaoa,2,6,0.20190534486033468,0.9872301769280833
TFIM,TFIM_4q_J2.0_h0.5,0.5,lc_qaoa,4,12,0.04762823718026743,0.9993002190161397
TFIM,TFIM_4q_J2.0_h0.5,0.5,lc_qaoa,6,18,0.0209420769107368,0.9998651256039857
TFIM,TFIM_4q_J2.0_h0.5,0.5,alt_qaoa_fit,2,4,0.0755023975217216,0.998358493649056
TFIM,TFIM_4q_J2.0_h0.5,0.5,alt_qaoa_fit,4,8,0.0050506429981389865,0.9999925985084815
TFIM,TFIM_4q_J2.0_h0.5,0.5,alt_qaoa_fit,6,12,0.0018963816787369013,0.9999989548531698
TFIM,TFIM_4q_J2.0_h0.5,0.5,prl_cartan_fit,2,9,0.6181517681376549,0.884343418332055
TFIM,TFIM_4q_J2.0_h0.5,0.5,prl_cartan_fit,4,17,0.6185229956664771,0.8849582968235358
TFIM,TFIM_4q_J2.0_h0.5,0.5,prl_cartan_fit,6,25,0.5487146779204617,0.8874393318490469
TFIM,TFIM_4q_J2.0_h0.5,0.5,cartan_qaoa_fit,2,9,0.5160599340905005,0.9263655766283397
TFIM,TFIM_4q_J2.0_h0.5,0.5,cartan_qaoa_fit,4,17,0.3644114287740122,0.9419543915843087
TFIM,TFIM_4q_J2.0_h0.5,0.5,cartan_qaoa_fit,6,25,0.3644150478310552,0.9419567276461558
TFIM,TFIM_4q_J2.0_h0.5,1.0,trotter1,2,4,0.8182429156901916,0.8138420292327854
TFIM,TFIM_4q_J2.0_h0.5,1.0,trotter1,4,8,0.3569377272983133,0.9627290695862755
TFIM,TFIM_4q_J2.0_h0.5,1.0,trotter1,6,12,0.23353593441149176,0.9838975253732782
TFIM,TFIM_4q_J2.0_h0.5,1.0,suzuki2,2,6,0.2866855498398977,0.967035171138384
TFIM,TFIM_4q_J2.0_h0.5,1.0,suzuki2,4,12,0.05235658129923246,0.9989528409624492
TFIM,TFIM_4q_J2.0_h0.5,1.0,suzuki2,6,18,0.022298474855910383,0.999811495980195
TFIM,TFIM_4q_J2.0_h0.5,1.0,cartan_restricted,2,6,0.8990376762815991,0.7474546624961966
TFIM,TFIM_4q_J2.0_h0.5,1.0,cartan_restricted,4,12,0.8990376762815999,0.7474546624961976
TFIM,TFIM_4q_J2.0_h0.5,1.0,cartan_restricted,6,18,0.899037676281601,0.747454662496198
TFIM,TFIM_4q_J2.0_h0.5,1.0,lc_qaoa,2,6,1.0438976865294103,0.6086919959620719
TFIM,TFIM_4q_J2.0_h0.5,1.0,lc_qaoa,4,12,0.21537791165886494,0.9820543731186567
TFIM,TFIM_4q_J2.0_h0.5,1.0,lc_qaoa,6,18,0.09053766656090056,0.9968712151811984
TFIM,TFIM_4q_J2.0_h0.5,1.0,alt_qaoa_fit,2,4,0.6405088821819453,0.8763130764145814
TFIM,TFIM_4q_J2.0_h0.5,1.0,alt_qaoa_fit,4,8,0.034277225911373166,0.9996665139756653
TFIM,TFIM_4q_J2.0_h0.5,1.0,alt_qaoa_fit,6,12,0.011566331440692034,0.9999639912582826
TFIM,TFIM_4q_J2.0_h0.5,1.0,prl_cartan_fit,2,9,1.00797857344311,0.6554685438365889
TFIM,TFIM_4q_J2.0_h0.5,1.0,prl_cartan_fit,4,17,1.008217291042386,0.6574550905582155
TFIM,TFIM_4q_J2.0_h0.5,1.0,prl_cartan_fit,6,25,0.9949475394870824,0.6312758214477898
TFIM,TFIM_4q_J2.0_h0.5,1.0,cartan_qaoa_fit,2,9,0.83342740019589,0.7766182885433294
TFIM,TFIM_4q_J2.0_h0.5,1.0,cartan_qaoa_fit,4,17,0.7133519661783967,0.787534577612695
TFIM,TFIM_4q_J2.0_h0.5,1.0,cartan_qaoa_fit,6,25,0.7133485101684147,0.7875337752117616
TFIM,TFIM_4q_J2.0_h0.5,1.5,trotter1,2,4,1.128299707052015,0.5323279660957564
TFIM,TFIM_4q_J2.0_h0.5,1.5,trotter1,4,8,0.325247743986683,0.9696481793836846
TFIM,TFIM_4q_J2.0_h0.5,1.5,trotter1,6,12,0.19609140469500141,0.9891014596467567
TFIM,TFIM_4q_J2.0_h0.5,1.5,suzuki2,2,6,1.0602352633257812,0.5772388852660433
TFIM,TFIM_4q_J2.0_h0.5,1.5,suzuki2,4,12,0.14109336200309133,0.9931618242843103
TFIM,TFIM_4q_J2.0_h0.5,1.5,suzuki2,6,18,0.057470357324586684,0.9988806935021878
TFIM,TFIM_4q_J2.0_h0.5,1.5,cartan_restricted,2,6,1.0435857148000474,0.57456652736139
TFIM,TFIM_4q_J2.0_h0.5,1.5,cartan_restricted,4,12,1.0435857148000485,0.5745665273613905
TFIM,TFIM_4q_J2.0_h0.5,1.5,cartan_restricted,6,18,1.0435857148000494,0.5745665273613916
TFIM,TFIM_4q_J2.0_h0.5,1.5,lc_qaoa,2,6,1.9938695668185311,0.0018640730455353862
TFIM,TFIM_4q_J2.0_h0.5,1.5,lc_qaoa,4,12,0.6633283566780576,0.8411652187979474
TFIM,TFIM_4q_J2.0_h0.5,1.5,lc_qaoa,6,18,0.2534408938873271,0.9774492773779649
TFIM,TFIM_4q_J2.0_h0.5,1.5,alt_qaoa_fit,2,4,0.9150602479370039,0.7716347424549275
TFIM,TFIM_4q_J2.0_h0.5,1.5,alt_qaoa_fit,4,8,0.09448896420000455,0.9973749216161524
TFIM,TFIM_4q_J2.0_h0.5,1.5,alt_qaoa_fit,6,12,0.025214461063202968,0.9997693235772145
TFIM,TFIM_4q_J2.0_h0.5,1.5,prl_cartan_fit,2,9,1.2813631907616556,0.4211948206384337
TFIM,TFIM_4q_J2.0_h0.5,1.5,prl_cartan_fit,4,17,1.2785169600434694,0.42351017368720884
TFIM,TFIM_4q_J2.0_h0.5,1.5,prl_cartan_fit,6,25,1.3458464753440769,0.3722533001067263
TFIM,TFIM_4q_J2.0_h0.5,1.5,cartan_qaoa_fit,2,9,1.000040088264031,0.582548183980036
TFIM,TFIM_4q_J2.0_h0.5,1.5,cartan_qaoa_fit,4,17,0.9979726003268065,0.5832793084019648
TFIM,TFIM_4q_J2.0_h0.5,1.5,cartan_qaoa_fit,6,25,1.0183263297834835,0.6773431534535418
TFIM,TFIM_4q_J3.0_h0.25,0.5,trotter1,2,4,0.13863249615970555,0.9916161737491405
TFIM,TFIM_4q_J3.0_h0.25,0.5,trotter1,4,8,0.06687903171409201,0.99800896030501
TFIM,TFIM_4q_J3.0_h0.25,0.5,trotter1,6,12,0.044314142732170374,0.9991230188074577
TFIM,TFIM_4q_J3.0_h0.25,0.5,suzuki2,2,6,0.021515887644723286,0.9998300930350117
TFIM,TFIM_4q_J3.0_h0.25,0.5,suzuki2,4,12,0.004978611552984509,0.9999906977679537
TFIM,TFIM_4q_J3.0_h0.25,0.5,suzuki2,6,18,0.002184227445853089,0.9999982035537546
TFIM,TFIM_4q_J3.0_h0.25,0.5,cartan_restricted,2,6,0.2649009094795463,0.978489517441491
TFIM,TFIM_4q_J3.0_h0.25,0.5,cartan_restricted,4,12,0.26490090947954825,0.9784895174414906
TFIM,TFIM_4q_J3.0_h0.25,0.5,cartan_restricted,6,18,0.26490090947954975,0.978489517441491
TFIM,TFIM_4q_J3.0_h0.25,0.5,lc_qaoa,2,6,0.09104906979215951,0.9971085433531491
TFIM,TFIM_4q_J3.0_h0.25,0.5,lc_qaoa,4,12,0.020160877692931452,0.9998494575838197
TFIM,TFIM_4q_J3.0_h0.25,0.5,lc_qaoa,6,18,0.008783302965879761,0.999971119605118
TFIM,TFIM_4q_J3.0_h0.25,0.5,alt_qaoa_fit,2,4,0.09185559567172756,0.9974727172674627
TFIM,TFIM_4q_J3.0_h0.25,0.5,alt_qaoa_fit,4,8,0.001708570064425879,0.9999992000974302
TFIM,TFIM_4q_J3.0_h0.25,0.5,alt_qaoa_fit,6,12,0.0006624758646664223,0.9999998848008782
TFIM,TFIM_4q_J3.0_h0.25,0.5,prl_cartan_fit,2,9,0.31851064078214253,0.965691370699093
TFIM,TFIM_4q_J3.0_h0.25,0.5,prl_cartan_fit,4,17,0.31851719382282845,0.9656906055731499
TFIM,TFIM_4q_J3.0_h0.25,0.5,prl_cartan_fit,6,25,0.318521233245797,0.9656903185877216
TFIM,TFIM_4q_J3.0_h0.25,0.5,cartan_qaoa_fit,2,9,0.24749814749877203,0.9819975244401056
TFIM,TFIM_4q_J3.0_h0.25,0.5,cartan_qaoa_fit,4,17,0.24750073344189155,0.9819962677821577
TFIM,TFIM_4q_J3.0_h0.25,0.5,cartan_qaoa_fit,6,25,0.24750148963488414,0.9819960147559397
TFIM,TFIM_4q_J3.0_h0.25,1.0,trotter1,2,4,0.39413173930427625,0.9340941292782359
TFIM,TFIM_4q_J3.0_h0.25,1.0,trotter1,4,8,0.04711542131680873,0.9990913428057441
TFIM,TFIM_4q_J3.0_h0.25,1.0,trotter1,6,12,0.02821182316008233,0.9996580904959952
TFIM,TFIM_4q_J3.0_h0.25,1.0,suzuki2,2,6,0.34393818817427646,0.9452058273004449
TFIM,TFIM_4q_J3.0_h0.25,1.0,suzuki2,4,12,0.01722215632174505,0.9998866183232907
TFIM,TFIM_4q_J3.0_h0.25,1.0,suzuki2,6,18,0.006906939725907709,0.9999820211578099
TFIM,TFIM_4q_J3.0_h0.25,1.0,cartan_restricted,2,6,0.36312671453518425,0.9393809498252814
TFIM,TFIM_4q_J3.0_h0.25,1.0,cartan_restricted,4,12,0.3631267145351854,0.939380949825283
TFIM,TFIM_4q_J3.0_h0.25,1.0,cartan_restricted,6,18,0.36312671453518613,0.9393809498252828
TFIM,TFIM_4q_J3.0_h0.25,1.0,lc_qaoa,2,6,1.0894683540033754,0.5280251729986485
TFIM,TFIM_4q_J3.0_h0.25,1.0,lc_qaoa,4,12,0.0836716142470565,0.9972475353711167
TFIM,TFIM_4q_J3.0_h0.25,1.0,lc_qaoa,6,18,0.030314749638116922,0.9996489534868833
TFIM,TFIM_4q_J3.0_h0.25,1.0,alt_qaoa_fit,2,4,0.33430112137762247,0.9711602351179229
TFIM,TFIM_4q_J3.0_h0.25,1.0,alt_qaoa_fit,4,8,0.010965554392846008,0.9999666246801925
TFIM,TFIM_4q_J3.0_h0.25,1.0,alt_qaoa_fit,6,12,0.0029235591317830637,0.9999969841215411
TFIM,TFIM_4q_J3.0_h0.25,1.0,prl_cartan_fit,2,9,0.5375219026180329,0.8794272306616565
TFIM,TFIM_4q_J3.0_h0.25,1.0,prl_cartan_fit,4,17,0.5375134144572514,0.8794311011704405
TFIM,TFIM_4q_J3.0_h0.25,1.0,prl_cartan_fit,6,25,0.5375116642779276,0.8794319327831137
TFIM,TFIM_4q_J3.0_h0.25,1.0,cartan_qaoa_fit,2,9,0.3597569142231352,0.9395778126806651
TFIM,TFIM_4q_J3.0_h0.25,1.0,cartan_qaoa_fit,4,17,0.35976102056666326,0.9395776674656638
TFIM,TFIM_4q_J3.0_h0.25,1.0,cartan_qaoa_fit,6,25,0.3597618190323747,0.9395776111603208
TFIM,TFIM_4q_J3.0_h0.25,1.5,trotter1,2,4,0.6601146302953076,0.8334106492922093
TFIM,TFIM_4q_J3.0_h0.25,1.5,trotter1,4,8,0.2701903473724945,0.975523081091871
TFIM,TFIM_4q_J3.0_h0.25,1.5,trotter1,6,12,0.15646519311936702,0.9911416652895719
TFIM,TFIM_4q_J3.0_h0.25,1.5,suzuki2,2,6,0.4373031285591019,0.9359964180805316
TFIM,TFIM_4q_J3.0_h0.25,1.5,suzuki2,4,12,0.09870297778475638,0.9966807462790679
TFIM,TFIM_4q_J3.0_h0.25,1.5,suzuki2,6,18,0.03340390187923227,0.9996244914992933
TFIM,TFIM_4q_J3.0_h0.25,1.5,cartan_restricted,2,6,0.6003348571028925,0.8630350099900767
TFIM,TFIM_4q_J3.0_h0.25,1.5,cartan_restricted,4,12,0.6003348571028961,0.8630350099900768
TFIM,TFIM_4q_J3.0_h0.25,1.5,cartan_restricted,6,18,0.6003348571028974,0.8630350099900784
TFIM,TFIM_4q_J3.0_h0.25,1.5,lc_qaoa,2,6,1.5075742183832088,0.37305766111894634
TFIM,TFIM_4q_J3.0_h0.25,1.5,lc_qaoa,4,12,0.5203385493372549,0.9056714684947903
TFIM,TFIM_4q_J3.0_h0.25,1.5,lc_qaoa,6,18,0.15379917640131285,0.9919744632391904
TFIM,TFIM_4q_J3.0_h0.25,1.5,alt_qaoa_fit,2,4,0.363040031594319,0.9656028245526278
TFIM,TFIM_4q_J3.0_h0.25,1.5,alt_qaoa_fit,4,8,0.04974717309308447,0.9991650078501726
TFIM,TFIM_4q_J3.0_h0.25,1.5,alt_qaoa_fit,6,12,0.009336416375851954,0.9999616326031886
TFIM,TFIM_4q_J3.0_h0.25,1.5,prl_cartan_fit,2,9,0.8091598551390845,0.7477678085274928
TFIM,TFIM_4q_J3.0_h0.25,1.5,prl_cartan_fit,4,17,0.8091532938009771,0.7477739435696679
TFIM,TFIM_4q_J3.0_h0.25,1.5,prl_cartan_fit,6,25,0.8091535760852221,0.747775193208672
TFIM,TFIM_4q_J3.0_h0.25,1.5,cartan_qaoa_fit,2,9,0.5902235967336413,0.8661929638646423
TFIM,TFIM_4q_J3.0_h0.25,1.5,cartan_qaoa_fit,4,17,0.5902180709013631,0.8661893868534829
TFIM,TFIM_4q_J3.0_h0.25,1.5,cartan_qaoa_fit,6,25,0.5901948636644074,0.8661908373534701
TFIM,TFIM_4q_J3.0_h0.5,0.5,trotter1,2,4,0.2741987014249262,0.966713042627917
TFIM,TFIM_4q_J3.0_h0.5,0.5,trotter1,4,8,0.13030637260295183,0.9920873209232923
TFIM,TFIM_4q_J3.0_h0.5,0.5,trotter1,6,12,0.08600572256707566,0.9965137496134554
TFIM,TFIM_4q_J3.0_h0.5,0.5,suzuki2,2,6,0.05062842714149917,0.9990500357589069
TFIM,TFIM_4q_J3.0_h0.5,0.5,suzuki2,4,12,0.01166517463686079,0.9999493593639897
TFIM,TFIM_4q_J3.0_h0.5,0.5,suzuki2,6,18,0.005115089848124506,0.9999902586253722
TFIM,TFIM_4q_J3.0_h0.5,0.5,cartan_restricted,2,6,0.522645405581177,0.9169768282520635
TFIM,TFIM_4q_J3.0_h0.5,0.5,cartan_restricted,4,12,0.522645405581178,0.9169768282520635
TFIM,TFIM_4q_J3.0_h0.5,0.5,cartan_restricted,6,18,0.5226454055811792,0.9169768282520637
TFIM,TFIM_4q_J3.0_h0.5,0.5,lc_qaoa,2,6,0.2321922886560067,0.9815008792702977
TFIM,TFIM_4q_J3.0_h0.5,0.5,lc_qaoa,4,12,0.04830542938757562,0.9991505266503097
TFIM,TFIM_4q_J3.0_h0.5,0.5,lc_qaoa,6,18,0.020776028121487846,0.9998408884354161
TFIM,TFIM_4q_J3.0_h0.5,0.5,alt_qaoa_fit,2,4,0.19462532096294696,0.9889289353678724
TFIM,TFIM_4q_J3.0_h0.5,0.5,alt_qaoa_fit,4,8,0.006828527215910551,0.9999870978099352
TFIM,TFIM_4q_J3.0_h0.5,0.5,alt_qaoa_fit,6,12,0.0026029600225185236,0.9999981871492327
TFIM,TFIM_4q_J3.0_h0.5,0.5,prl_cartan_fit,2,9,0.5949893544403068,0.8844626278652036
TFIM,TFIM_4q_J3.0_h0.5,0.5,prl_cartan_fit,4,17,0.5950204823231268,0.8844766529836275
TFIM,TFIM_4q_J3.0_h0.5,0.5,prl_cartan_fit,6,25,0.5384215850857283,0.8839481229310565
TFIM,TFIM_4q_J3.0_h0.5,0.5,cartan_qaoa_fit,2,9,0.48178114527212773,0.9314443532648986
TFIM,TFIM_4q_J3.0_h0.5,0.5,cartan_qaoa_fit,4,17,0.48185263413198015,0.9314470718716059
TFIM,TFIM_4q_J3.0_h0.5,0.5,cartan_qaoa_fit,6,25,0.3613896718192356,0.9406072468356301
TFIM,TFIM_4q_J3.0_h0.5,1.0,trotter1,2,4,0.7748670243909727,0.7591250998041991
TFIM,TFIM_4q_J3.0_h0.5,1.0,trotter1,4,8,0.15180901527274496,0.9924859733540672
TFIM,TFIM_4q_J3.0_h0.5,1.0,trotter1,6,12,0.09176271002322521,0.9972496077607541
TFIM,TFIM_4q_J3.0_h0.5,1.0,suzuki2,2,6,0.6982954300468313,0.7922145380079173
TFIM,TFIM_4q_J3.0_h0.5,1.0,suzuki2,4,12,0.06180538823225523,0.998604934063638
TFIM,TFIM_4q_J3.0_h0.5,1.0,suzuki2,6,18,0.02510528414105992,0.999772449838893
TFIM,TFIM_4q_J3.0_h0.5,1.0,cartan_restricted,2,6,0.7122438628435646,0.7797423481352183
TFIM,TFIM_4q_J3.0_h0.5,1.0,cartan_restricted,4,12,0.7122438628435653,0.779742348135219
TFIM,TFIM_4q_J3.0_h0.5,1.0,cartan_restricted,6,18,0.7122438628435666,0.7797423481352196
TFIM,TFIM_4q_J3.0_h0.5,1.0,lc_qaoa,2,6,1.8398846485933276,0.05193495564315134
TFIM,TFIM_4q_J3.0_h0.5,1.0,lc_qaoa,4,12,0.3057044008855137,0.9640310151195361
TFIM,TFIM_4q_J3.0_h0.5,1.0,lc_qaoa,6,18,0.11186514478884864,0.9953524413920729
TFIM,TFIM_4q_J3.0_h0.5,1.0,alt_qaoa_fit,2,4,0.6457133169503787,0.8900532942482825
TFIM,TFIM_4q_J3.0_h0.5,1.0,alt_qaoa_fit,4,8,0.04311188352674122,0.9994724144911686
TFIM,TFIM_4q_J3.0_h0.5,1.0,alt_qaoa_fit,6,12,0.0112001302710643,0.9999541337625377
TFIM,TFIM_4q_J3.0_h0.5,1.0,prl_cartan_fit,2,9,0.95735321757341,0.6453302839097668
TFIM,TFIM_4q_J3.0_h0.5,1.0,prl_cartan_fit,4,17,0.9572953420300164,0.6453713812665841
TFIM,TFIM_4q_J3.0_h0.5,1.0,prl_cartan_fit,6,25,0.9979665690903348,0.6170403169108659
TFIM,TFIM_4q_J3.0_h0.5,1.0,cartan_qaoa_fit,2,9,0.6943591687541487,0.7817540587727311
TFIM,TFIM_4q_J3.0_h0.5,1.0,cartan_qaoa_fit,4,17,0.694332843460426,0.7817612549670026
TFIM,TFIM_4q_J3.0_h0.5,1.0,cartan_qaoa_fit,6,25,0.710045328688916,0.7807339389021707
TFIM,TFIM_4q_J3.0_h0.5,1.5,trotter1,2,4,1.2539463059520919,0.462470872428038
TFIM,TFIM_4q_J3.0_h0.5,1.5,trotter1,4,8,0.560462744907502,0.8903398140396299
TFIM,TFIM_4q_J3.0_h0.5,1.5,trotter1,6,12,0.3041264179458193,0.9641951873492792
TFIM,TFIM_4q_J3.0_h0.5,1.5,suzuki2,2,6,0.9888638734026978,0.6968635448069663
TFIM,TFIM_4q_J3.0_h0.5,1.5,suzuki2,4,12,0.28893557108368306,0.9691613941832398
TFIM,TFIM_4q_J3.0_h0.5,1.5,suzuki2,6,18,0.09804035918594442,0.9964558304879989
TFIM,TFIM_4q_J3.0_h0.5,1.5,cartan_restricted,2,6,1.137876399088971,0.54967011770347
TFIM,TFIM_4q_J3.0_h0.5,1.5,cartan_restricted,4,12,1.1378763990889726,0.5496701177034705
TFIM,TFIM_4q_J3.0_h0.5,1.5,cartan_restricted,6,18,1.137876399088973,0.5496701177034713
TFIM,TFIM_4q_J3.0_h0.5,1.5,lc_qaoa,2,6,1.9463104116256988,0.014397069749692135
TFIM,TFIM_4q_J3.0_h0.5,1.5,lc_qaoa,4,12,1.430662480024017,0.35377337060552383
TFIM,TFIM_4q_J3.0_h0.5,1.5,lc_qaoa,6,18,0.48294234920933105,0.9154422747480014
TFIM,TFIM_4q_J3.0_h0.5,1.5,alt_qaoa_fit,2,4,1.9999140343431079,0.8620427105902447
TFIM,TFIM_4q_J3.0_h0.5,1.5,alt_qaoa_fit,4,8,0.19434515054533175,0.987296922244787
TFIM,TFIM_4q_J3.0_h0.5,1.5,alt_qaoa_fit,6,12,0.03574236273909114,0.9994457955032031
TFIM,TFIM_4q_J3.0_h0.5,1.5,prl_cartan_fit,2,9,1.352709281915686,0.3862768089500812
TFIM,TFIM_4q_J3.0_h0.5,1.5,prl_cartan_fit,4,17,1.3526755185133787,0.38633248760448513
TFIM,TFIM_4q_J3.0_h0.5,1.5,prl_cartan_fit,6,25,1.3718733593982186,0.3508028218409693
TFIM,TFIM_4q_J3.0_h0.5,1.5,cartan_qaoa_fit,2,9,1.11314317560796,0.5603468134335622
TFIM,TFIM_4q_J3.0_h0.5,1.5,cartan_qaoa_fit,4,17,1.1131981877293664,0.5603573590979375
TFIM,TFIM_4q_J3.0_h0.5,1.5,cartan_qaoa_fit,6,25,1.0386904832679997,0.564928985664938
XXZ,XXZ_4q_Jxy0.25_Jz2.0,0.5,trotter1,2,4,0.23439917374148583,0.985865586840416
XXZ,XXZ_4q_Jxy0.25_Jz2.0,0.5,trotter1,4,8,0.11425959141544936,0.9966110391725301
XXZ,XXZ_4q_Jxy0.25_Jz2.0,0.5,trotter1,6,12,0.07581919214632027,0.9985048653597499
XXZ,XXZ_4q_Jxy0.25_Jz2.0,0.5,suzuki2,2,6,0.03689553563029624,0.9997304849424983
XXZ,XXZ_4q_Jxy0.25_Jz2.0,0.5,suzuki2,4,12,0.008780734822079651,0.9999848752651812
XXZ,XXZ_4q_Jxy0.25_Jz2.0,0.5,suzuki2,6,18,0.003869081134044699,0.9999970681239345
XXZ,XXZ_4q_Jxy0.25_Jz2.0,0.5,cartan_restricted,2,6,0.3077827555003341,0.9675321551619983
XXZ,XXZ_4q_Jxy0.25_Jz2.0,0.5,cartan_restricted,4,12,0.3077827555003341,0.9675321551619985
XXZ,XXZ_4q_Jxy0.25_Jz2.0,0.5,cartan_restricted,6,18,0.3077827555003339,0.9675321551619988
XXZ,XXZ_4q_Jxy0.25_Jz2.0,0.5,lc_qaoa,2,6,0.14715257259352504,0.995756366275841
XXZ,XXZ_4q_Jxy0.25_Jz2.0,0.5,lc_qaoa,4,12,0.03513496818952479,0.9997586129909066
XXZ,XXZ_4q_Jxy0.25_Jz2.0,0.5,lc_qaoa,6,18,0.015479809499945011,0.9999531379079807
XXZ,XXZ_4q_Jxy0.25_Jz2.0,0.5,alt_qaoa_fit,2,4,0.04891420829995217,0.9995350424605438
XXZ,XXZ_4q_Jxy0.25_Jz2.0,0.5,alt_qaoa_fit,4,8,0.0045912657876304224,0.9999973398594365
XXZ,XXZ_4q_Jxy0.25_Jz2.0,0.5,alt_qaoa_fit,6,12,0.0017936594281016058,0.9999995873955939
XXZ,XXZ_4q_Jxy0.25_Jz2.0,0.5,prl_cartan_fit,2,9,0.3350149697288586,0.963972926153315
XXZ,XXZ_4q_Jxy0.25_Jz2.0,0.5,prl_cartan_fit,4,17,0.33501726504109586,0.9639717101938245
XXZ,XXZ_4q_Jxy0.25_Jz2.0,0.5,prl_cartan_fit,6,25,0.3350283084534656,0.9639718815785387
XXZ,XXZ_4q_Jxy0.25_Jz2.0,0.5,cartan_qaoa_fit,2,9,0.2742686427869208,0.971317324240147
XXZ,XXZ_4q_Jxy0.25_Jz2.0,0.5,cartan_qaoa_fit,4,17,0.27427066072615364,0.9713162487970229
XXZ,XXZ_4q_Jxy0.25_Jz2.0,0.5,cartan_qaoa_fit,6,25,0.27427752834348684,0.9713168703097435
XXZ,XXZ_4q_Jxy0.25_Jz2.0,1.0,trotter1,2,4,0.5371810303885053,0.9337268397506646
XXZ,XXZ_4q_Jxy0.25_Jz2.0,1.0,trotter1,4,8,0.22039545089185325,0.9868601183758782
XXZ,XXZ_4q_Jxy0.25_Jz2.0,1.0,trotter1,6,12,0.14151366606316118,0.9943603043886236
XXZ,XXZ_4q_Jxy0.25_Jz2.0,1.0,suzuki2,2,6,0.2316007905708168,0.9917766923094528
XXZ,XXZ_4q_Jxy0.25_Jz2.0,1.0,suzuki2,4,12,0.0453924322220999,0.9996873630495802
XXZ,XXZ_4q_Jxy0.25_Jz2.0,1.0,suzuki2,6,18,0.019449105727840886,0.9999425434883077
XXZ,XXZ_4q_Jxy0.25_Jz2.0,1.0,cartan_restricted,2,6,0.5271133619281094,0.9196511686685478
XXZ,XXZ_4q_Jxy0.25_Jz2.0,1.0,cartan_restricted,4,12,0.5271133619281094,0.9196511686685476
XXZ,XXZ_4q_Jxy0.25_Jz2.0,1.0,cartan_restricted,6,18,0.5271133619281094,0.9196511686685476
XXZ,XXZ_4q_Jxy0.25_Jz2.0,1.0,lc_qaoa,2,6,0.9170104976145358,0.8748128182677609
XXZ,XXZ_4q_Jxy0.25_Jz2.0,1.0,lc_qaoa,4,12,0.189523906015556,0.9946808408222184
XXZ,XXZ_4q_Jxy0.25_Jz2.0,1.0,lc_qaoa,6,18,0.07949213788725917,0.9990520933534187
XXZ,XXZ_4q_Jxy0.25_Jz2.0,1.0,alt_qaoa_fit,2,4,0.418028187356833,0.9621830500624168
XXZ,XXZ_4q_Jxy0.25_Jz2.0,1.0,alt_qaoa_fit,4,8,0.02843051795299646,0.9998619081757822
XXZ,XXZ_4q_Jxy0.25_Jz2.0,1.0,alt_qaoa_fit,6,12,0.010447345846077058,0.9999808087920606
XXZ,XXZ_4q_Jxy0.25_Jz2.0,1.0,prl_cartan_fit,2,9,0.6100426145366121,0.9020083158696621
XXZ,XXZ_4q_Jxy0.25_Jz2.0,1.0,prl_cartan_fit,4,17,0.6100441408694897,0.9020070091249511
XXZ,XXZ_4q_Jxy0.25_Jz2.0,1.0,prl_cartan_fit,6,25,0.6100514846562516,0.9020066601213614
XXZ,XXZ_4q_Jxy0.25_Jz2.0,1.0,cartan_qaoa_fit,2,9,0.5066346899232077,0.9245190447391893
XXZ,XXZ_4q_Jxy0.25_Jz2.0,1.0,cartan_qaoa_fit,4,17,0.5066383890390933,0.9245171420503782
XXZ,XXZ_4q_Jxy0.25_Jz2.0,1.0,cartan_qaoa_fit,6,25,0.5066401321574576,0.9245156895150605
XXZ,XXZ_4q_Jxy0.25_Jz2.0,1.5,trotter1,2,4,0.8609197508232742,0.8427683587507298
XXZ,XXZ_4q_Jxy0.25_Jz2.0,1.5,trotter1,4,8,0.12857591669191873,0.9950683302159398
XXZ,XXZ_4q_Jxy0.25_Jz2.0,1.5,trotter1,6,12,0.06869283795779405,0.9982375890112608
XXZ,XXZ_4q_Jxy0.25_Jz2.0,1.5,suzuki2,2,6,0.8731682033836793,0.8633593826784781
XXZ,XXZ_4q_Jxy0.25_Jz2.0,1.5,suzuki2,4,12,0.10658253597684937,0.9984643816642508
XXZ,XXZ_4q_Jxy0.25_Jz2.0,1.5,suzuki2,6,18,0.04448294947648236,0.9997334897448675
XXZ,XXZ_4q_Jxy0.25_Jz2.0,1.5,cartan_restricted,2,6,0.7539506660138888,0.8602083435980861
XXZ,XXZ_4q_Jxy0.25_Jz2.0,1.5,cartan_restricted,4,12,0.7539506660138882,0.8602083435980861
XXZ,XXZ_4q_Jxy0.25_Jz2.0,1.5,cartan_restricted,6,18,0.7539506660138882,0.8602083435980855
XXZ,XXZ_4q_Jxy0.25_Jz2.0,1.5,lc_qaoa,2,6,1.9996666952942608,0.25275527089514077
XXZ,XXZ_4q_Jxy0.25_Jz2.0,1.5,lc_qaoa,4,12,0.5261035889468599,0.9624084944693287
XXZ,XXZ_4q_Jxy0.25_Jz2.0,1.5,lc_qaoa,6,18,0.19915470976804314,0.9946906476618204
XXZ,XXZ_4q_Jxy0.25_Jz2.0,1.5,alt_qaoa_fit,2,4,0.45903422722107606,0.9183144230218235
XXZ,XXZ_4q_Jxy0.25_Jz2.0,1.5,alt_qaoa_fit,4,8,0.09315386322397431,0.998062733792327
XXZ,XXZ_4q_Jxy0.25_Jz2.0,1.5,alt_qaoa_fit,6,12,0.029117028633495138,0.9997861267171342
XXZ,XXZ_4q_Jxy0.25_Jz2.0,1.5,prl_cartan_fit,2,9,0.8590912678615149,0.8168338421519878
XXZ,XXZ_4q_Jxy0.25_Jz2.0,1.5,prl_cartan_fit,4,17,0.8590912350308191,0.816833797788552
XXZ,XXZ_4q_Jxy0.25_Jz2.0,1.5,prl_cartan_fit,6,25,0.8590910770676402,0.8168337969416297
XXZ,XXZ_4q_Jxy0.25_Jz2.0,1.5,cartan_qaoa_fit,2,9,0.7486428767378537,0.8604987830466319
XXZ,XXZ_4q_Jxy0.25_Jz2.0,1.5,cartan_qaoa_fit,4,17,0.7486587584280606,0.8604982851835471
XXZ,XXZ_4q_Jxy0.25_Jz2.0,1.5,cartan_qaoa_fit,6,25,0.7486495915136637,0.8604985205178413
XXZ,XXZ_4q_Jxy0.5_Jz2.0,0.5,trotter1,2,4,0.4067390452035459,0.9526175854187459
XXZ,XXZ_4q_Jxy0.5_Jz2.0,0.5,trotter1,4,8,0.19488713925703702,0.9887657047263225
XXZ,XXZ_4q_Jxy0.5_Jz2.0,0.5,trotter1,6,12,0.12889823966766523,0.9950544070152608
XXZ,XXZ_4q_Jxy0.5_Jz2.0,0.5,suzuki2,2,6,0.09681370454041571,0.998302595006517
XXZ,XXZ_4q_Jxy0.5_Jz2.0,0.5,suzuki2,4,12,0.022984204992898435,0.9999049145717396
XXZ,XXZ_4q_Jxy0.5_Jz2.0,0.5,suzuki2,6,18,0.010119821138246629,0.999981584147753
XXZ,XXZ_4q_Jxy0.5_Jz2.0,0.5,cartan_restricted,2,6,0.6154040398540179,0.8735096510918328
XXZ,XXZ_4q_Jxy0.5_Jz2.0,0.5,cartan_restricted,4,12,0.6154040398540175,0.873509651091833
XXZ,XXZ_4q_Jxy0.5_Jz2.0,0.5,cartan_restricted,6,18,0.6154040398540173,0.8735096510918332
XXZ,XXZ_4q_Jxy0.5_Jz2.0,0.5,lc_qaoa,2,6,0.39879528076897564,0.9719631129047615
XXZ,XXZ_4q_Jxy0.5_Jz2.0,0.5,lc_qaoa,4,12,0.09305323346621634,0.9984550141020142
XXZ,XXZ_4q_Jxy0.5_Jz2.0,0.5,lc_qaoa,6,18,0.04070911460996296,0.9997031924228515
XXZ,XXZ_4q_Jxy0.5_Jz2.0,0.5,alt_qaoa_fit,2,4,0.11715597455797631,0.9971262121725234
XXZ,XXZ_4q_Jxy0.5_Jz2.0,0.5,alt_qaoa_fit,4,8,0.013658544260448827,0.9999715268051671
XXZ,XXZ_4q_Jxy0.5_Jz2.0,0.5,alt_qaoa_fit,6,12,0.005112732472576543,0.9999960576367959
XXZ,XXZ_4q_Jxy0.5_Jz2.0,0.5,prl_cartan_fit,2,9,0.6377580677108934,0.8546397327554324
XXZ,XXZ_4q_Jxy0.5_Jz2.0,0.5,prl_cartan_fit,4,17,0.6377802516953106,0.8546246969410239
XXZ,XXZ_4q_Jxy0.5_Jz2.0,0.5,prl_cartan_fit,6,25,0.6377755831839818,0.8546151247156939
XXZ,XXZ_4q_Jxy0.5_Jz2.0,0.5,cartan_qaoa_fit,2,9,0.5395817949758948,0.8899774748885072
XXZ,XXZ_4q_Jxy0.5_Jz2.0,0.5,cartan_qaoa_fit,4,17,0.539641271095979,0.8899614973668912
XXZ,XXZ_4q_Jxy0.5_Jz2.0,0.5,cartan_qaoa_fit,6,25,0.5397259252292725,0.8899481468882834
XXZ,XXZ_4q_Jxy0.5_Jz2.0,1.0,trotter1,2,4,0.9244436145206413,0.7908822927706056
XXZ,XXZ_4q_Jxy0.5_Jz2.0,1.0,trotter1,4,8,0.3295772549101904,0.9611571213182217
XXZ,XXZ_4q_Jxy0.5_Jz2.0,1.0,trotter1,6,12,0.2059686846202021,0.9835834427075639
XXZ,XXZ_4q_Jxy0.5_Jz2.0,1.0,suzuki2,2,6,0.6351666267439,0.941999743668452
XXZ,XXZ_4q_Jxy0.5_Jz2.0,1.0,suzuki2,4,12,0.12104410732310766,0.9977829196622453
XXZ,XXZ_4q_Jxy0.5_Jz2.0,1.0,suzuki2,6,18,0.05116074723079735,0.9995988127521168
XXZ,XXZ_4q_Jxy0.5_Jz2.0,1.0,cartan_restricted,2,6,1.0086859897925402,0.7011970126881587
XXZ,XXZ_4q_Jxy0.5_Jz2.0,1.0,cartan_restricted,4,12,1.00868598979254,0.7011970126881587
XXZ,XXZ_4q_Jxy0.5_Jz2.0,1.0,cartan_restricted,6,18,1.0086859897925398,0.7011970126881595
XXZ,XXZ_4q_Jxy0.5_Jz2.0,1.0,lc_qaoa,2,6,1.8886734208413805,0.4269637038403461
XXZ,XXZ_4q_Jxy0.5_Jz2.0,1.0,lc_qaoa,4,12,0.5279287189073214,0.9592238989480715
XXZ,XXZ_4q_Jxy0.5_Jz2.0,1.0,lc_qaoa,6,18,0.215237008721293,0.9930417666948023
XXZ,XXZ_4q_Jxy0.5_Jz2.0,1.0,alt_qaoa_fit,2,4,0.9053502649110129,0.8211251263454111
XXZ,XXZ_4q_Jxy0.5_Jz2.0,1.0,alt_qaoa_fit,4,8,0.09124440440416268,0.9984636511204841
XXZ,XXZ_4q_Jxy0.5_Jz2.0,1.0,alt_qaoa_fit,6,12,0.03137245182475925,0.9998137033744415
XXZ,XXZ_4q_Jxy0.5_Jz2.0,1.0,prl_cartan_fit,2,9,1.053250681137007,0.6283848876603307
XXZ,XXZ_4q_Jxy0.5_Jz2.0,1.0,prl_cartan_fit,4,17,1.0532558062945974,0.6283761901510543
XXZ,XXZ_4q_Jxy0.5_Jz2.0,1.0,prl_cartan_fit,6,25,1.05325472766246,0.6283681434777927
XXZ,XXZ_4q_Jxy0.5_Jz2.0,1.0,cartan_qaoa_fit,2,9,0.9749882734666523,0.7156462996779973
XXZ,XXZ_4q_Jxy0.5_Jz2.0,1.0,cartan_qaoa_fit,4,17,0.9749752684684323,0.7156120892878178
XXZ,XXZ_4q_Jxy0.5_Jz2.0,1.0,cartan_qaoa_fit,6,25,0.975309290701674,0.7157827694684298
XXZ,XXZ_4q_Jxy0.5_Jz2.0,1.5,trotter1,2,4,1.5024667004974024,0.42391419421897086
XXZ,XXZ_4q_Jxy0.5_Jz2.0,1.5,trotter1,4,8,0.6394760315067388,0.9303337230680585
XXZ,XXZ_4q_Jxy0.5_Jz2.0,1.5,trotter1,6,12,0.3820618193468022,0.9740537671571614
XXZ,XXZ_4q_Jxy0.5_Jz2.0,1.5,suzuki2,2,6,1.692110326364843,0.4803295735616279
XXZ,XXZ_4q_Jxy0.5_Jz2.0,1.5,suzuki2,4,12,0.393132178441508,0.9788350567103782
XXZ,XXZ_4q_Jxy0.5_Jz2.0,1.5,suzuki2,6,18,0.16279812746235153,0.9963679540324883
XXZ,XXZ_4q_Jxy0.5_Jz2.0,1.5,cartan_restricted,2,6,1.41220010087533,0.4993151863987317
XXZ,XXZ_4q_Jxy0.5_Jz2.0,1.5,cartan_restricted,4,12,1.4122001008753307,0.499315186398732
XXZ,XXZ_4q_Jxy0.5_Jz2.0,1.5,cartan_restricted,6,18,1.4122001008753307,0.499315186398732
XXZ,XXZ_4q_Jxy0.5_Jz2.0,1.5,lc_qaoa,2,6,1.7295270547422772,0.03383292175251287
XXZ,XXZ_4q_Jxy0.5_Jz2.0,1.5,lc_qaoa,4,12,1.538819521460682,0.639761819832331
XXZ,XXZ_4q_Jxy0.5_Jz2.0,1.5,lc_qaoa,6,18,0.7060086972442197,0.9306416718501829
XXZ,XXZ_4q_Jxy0.5_Jz2.0,1.5,alt_qaoa_fit,2,4,1.0745034437438852,0.7262703870156115
XXZ,XXZ_4q_Jxy0.5_Jz2.0,1.5,alt_qaoa_fit,4,8,0.3269419922859869,0.9760916088096819
XXZ,XXZ_4q_Jxy0.5_Jz2.0,1.5,alt_qaoa_fit,6,12,0.08515029330037892,0.9979136167869064
XXZ,XXZ_4q_Jxy0.5_Jz2.0,1.5,prl_cartan_fit,2,9,1.3948079767144064,0.3872233300732423
XXZ,XXZ_4q_Jxy0.5_Jz2.0,1.5,prl_cartan_fit,4,17,1.3948083243854827,0.3872214407011049
XXZ,XXZ_4q_Jxy0.5_Jz2.0,1.5,prl_cartan_fit,6,25,1.394808251209062,0.38721985016888955
XXZ,XXZ_4q_Jxy0.5_Jz2.0,1.5,cartan_qaoa_fit,2,9,1.3920985119193325,0.4997702694079913
XXZ,XXZ_4q_Jxy0.5_Jz2.0,1.5,cartan_qaoa_fit,4,17,1.3920615069375686,0.4997681237500352
XXZ,XXZ_4q_Jxy0.5_Jz2.0,1.5,cartan_qaoa_fit,6,25,1.3920837167513043,0.49976718031914397
XXZ,XXZ_4q_Jxy1.0_Jz2.0,0.5,trotter1,2,4,0.4671310648105405,0.8943337781366958
XXZ,XXZ_4q_Jxy1.0_Jz2.0,0.5,trotter1,4,8,0.21406720485748199,0.9756255203087804
XXZ,XXZ_4q_Jxy1.0_Jz2.0,0.5,trotter1,6,12,0.14001320891805022,0.9893172662536703
XXZ,XXZ_4q_Jxy1.0_Jz2.0,0.5,suzuki2,2,6,0.19735599963766998,0.9912439550008275
XXZ,XXZ_4q_Jxy1.0_Jz2.0,0.5,suzuki2,4,12,0.04423439622996362,0.9995405522301013
XXZ,XXZ_4q_Jxy1.0_Jz2.0,0.5,suzuki2,6,18,0.019274151367685975,0.9999120439784993
XXZ,XXZ_4q_Jxy1.0_Jz2.0,0.5,cartan_restricted,2,6,1.160203919075885,0.5593262276628127
XXZ,XXZ_4q_Jxy1.0_Jz2.0,0.5,cartan_restricted,4,12,1.1602039190758853,0.5593262276628127
XXZ,XXZ_4q_Jxy1.0_Jz2.0,0.5,cartan_restricted,6,18,1.1602039190758853,0.5593262276628127
XXZ,XXZ_4q_Jxy1.0_Jz2.0,0.5,lc_qaoa,2,6,0.9282172983644496,0.830319431422166
XXZ,XXZ_4q_Jxy1.0_Jz2.0,0.5,lc_qaoa,4,12,0.18995048685971783,0.9919529155133989
XXZ,XXZ_4q_Jxy1.0_Jz2.0,0.5,lc_qaoa,6,18,0.07971135138468328,0.9985322442151484
XXZ,XXZ_4q_Jxy1.0_Jz2.0,0.5,alt_qaoa_fit,2,4,0.39060680830230643,0.9762183072405707
XXZ,XXZ_4q_Jxy1.0_Jz2.0,0.5,alt_qaoa_fit,4,8,0.032777872526905144,0.9997903493286494
XXZ,XXZ_4q_Jxy1.0_Jz2.0,0.5,alt_qaoa_fit,6,12,0.012340444003273337,0.999970900069019
XXZ,XXZ_4q_Jxy1.0_Jz2.0,0.5,prl_cartan_fit,2,9,1.2246650076669283,0.5038291432747065
XXZ,XXZ_4q_Jxy1.0_Jz2.0,0.5,prl_cartan_fit,4,17,1.2253690011241438,0.5037615928536789
XXZ,XXZ_4q_Jxy1.0_Jz2.0,0.5,prl_cartan_fit,6,25,1.107334144219753,0.583610428730363
XXZ,XXZ_4q_Jxy1.0_Jz2.0,0.5,cartan_qaoa_fit,2,9,0.9857696465057589,0.6330233869108493
XXZ,XXZ_4q_Jxy1.0_Jz2.0,0.5,cartan_qaoa_fit,4,17,1.087432583352398,0.6104686536004373
XXZ,XXZ_4q_Jxy1.0_Jz2.0,0.5,cartan_qaoa_fit,6,25,0.9125185322747245,0.6972440131550466
XXZ,XXZ_4q_Jxy1.0_Jz2.0,1.0,trotter1,2,4,1.8043612449869193,0.3751096900115165
XXZ,XXZ_4q_Jxy1.0_Jz2.0,1.0,trotter1,4,8,0.7307600458475633,0.8751371516546683
XXZ,XXZ_4q_Jxy1.0_Jz2.0,1.0,trotter1,6,12,0.44779686009941316,0.9498705926080445
XXZ,XXZ_4q_Jxy1.0_Jz2.0,1.0,suzuki2,2,6,1.6127402274413838,0.5722404358090353
XXZ,XXZ_4q_Jxy1.0_Jz2.0,1.0,suzuki2,4,12,0.3257970060748575,0.9796300317009708
XXZ,XXZ_4q_Jxy1.0_Jz2.0,1.0,suzuki2,6,18,0.1337887329128705,0.9964683034777071
XXZ,XXZ_4q_Jxy1.0_Jz2.0,1.0,cartan_restricted,2,6,1.7306751623369014,0.18931937104635743
XXZ,XXZ_4q_Jxy1.0_Jz2.0,1.0,cartan_restricted,4,12,1.7306751623369012,0.18931937104635743
XXZ,XXZ_4q_Jxy1.0_Jz2.0,1.0,cartan_restricted,6,18,1.7306751623369,0.1893193710463576
XXZ,XXZ_4q_Jxy1.0_Jz2.0,1.0,lc_qaoa,2,6,1.8006038222496357,0.03681379201350598
XXZ,XXZ_4q_Jxy1.0_Jz2.0,1.0,lc_qaoa,4,12,1.3788630232193404,0.6591846532858909
XXZ,XXZ_4q_Jxy1.0_Jz2.0,1.0,lc_qaoa,6,18,0.593607645915429,0.9337369269929064
XXZ,XXZ_4q_Jxy1.0_Jz2.0,1.0,alt_qaoa_fit,2,4,1.6700226625729058,0.4168198561135583
XXZ,XXZ_4q_Jxy1.0_Jz2.0,1.0,alt_qaoa_fit,4,8,0.3378419353091899,0.9824338812200595
XXZ,XXZ_4q_Jxy1.0_Jz2.0,1.0,alt_qaoa_fit,6,12,0.10239942052357932,0.9981817700735641
XXZ,XXZ_4q_Jxy1.0_Jz2.0,1.0,prl_cartan_fit,2,9,1.7680632021193396,0.09878606572263636
XXZ,XXZ_4q_Jxy1.0_Jz2.0,1.0,prl_cartan_fit,4,17,1.768569199466707,0.0987800052957642
XXZ,XXZ_4q_Jxy1.0_Jz2.0,1.0,prl_cartan_fit,6,25,1.6811640412435664,0.104958691163039
XXZ,XXZ_4q_Jxy1.0_Jz2.0,1.0,cartan_qaoa_fit,2,9,1.7106140758507382,0.19341092338083227
XXZ,XXZ_4q_Jxy1.0_Jz2.0,1.0,cartan_qaoa_fit,4,17,1.7107291578050732,0.19339416411966345
XXZ,XXZ_4q_Jxy1.0_Jz2.0,1.0,cartan_qaoa_fit,6,25,1.6240042683999465,0.19372591127548558
XXZ,XXZ_4q_Jxy1.0_Jz2.0,1.5,trotter1,2,4,1.9375791053385159,0.013003758113332018
XXZ,XXZ_4q_Jxy1.0_Jz2.0,1.5,trotter1,4,8,1.4432503011928668,0.6870447879384316
XXZ,XXZ_4q_Jxy1.0_Jz2.0,1.5,trotter1,6,12,0.7874267176251015,0.9074683675307401
XXZ,XXZ_4q_Jxy1.0_Jz2.0,1.5,suzuki2,2,6,1.9638603033458553,0.03267629852895797
XXZ,XXZ_4q_Jxy1.0_Jz2.0,1.5,suzuki2,4,12,1.131762906703542,0.7815388879618455
XXZ,XXZ_4q_Jxy1.0_Jz2.0,1.5,suzuki2,6,18,0.4325271541063335,0.9641365945574548
XXZ,XXZ_4q_Jxy1.0_Jz2.0,1.5,cartan_restricted,2,6,1.9998076980084318,0.08566155158860414
XXZ,XXZ_4q_Jxy1.0_Jz2.0,1.5,cartan_restricted,4,12,1.9998076980084314,0.08566155158860417
XXZ,XXZ_4q_Jxy1.0_Jz2.0,1.5,cartan_restricted,6,18,1.9998076980084325,0.08566155158860424
XXZ,XXZ_4q_Jxy1.0_Jz2.0,1.5,lc_qaoa,2,6,1.8999298047379913,0.1570194160130124
XXZ,XXZ_4q_Jxy1.0_Jz2.0,1.5,lc_qaoa,4,12,1.9853345493885421,0.05555464787490348
XXZ,XXZ_4q_Jxy1.0_Jz2.0,1.5,lc_qaoa,6,18,1.73626459640128,0.4835759745878279
XXZ,XXZ_4q_Jxy1.0_Jz2.0,1.5,alt_qaoa_fit,2,4,1.9731768397005411,0.2076089212048852
XXZ,XXZ_4q_Jxy1.0_Jz2.0,1.5,alt_qaoa_fit,4,8,1.3655698804533518,0.7679010233774011
XXZ,XXZ_4q_Jxy1.0_Jz2.0,1.5,alt_qaoa_fit,6,12,0.3969639052078777,0.9750342580574202
XXZ,XXZ_4q_Jxy1.0_Jz2.0,1.5,prl_cartan_fit,2,9,1.9864842660523092,0.006247766393667413
XXZ,XXZ_4q_Jxy1.0_Jz2.0,1.5,prl_cartan_fit,4,17,1.986508270624979,0.00625080638429991
XXZ,XXZ_4q_Jxy1.0_Jz2.0,1.5,prl_cartan_fit,6,25,1.9859207831636752,0.005346286834809792
XXZ,XXZ_4q_Jxy1.0_Jz2.0,1.5,cartan_qaoa_fit,2,9,1.8569790394391434,0.4402329181223391
XXZ,XXZ_4q_Jxy1.0_Jz2.0,1.5,cartan_qaoa_fit,4,17,1.9552598192268538,0.4751497249179974
XXZ,XXZ_4q_Jxy1.0_Jz2.0,1.5,cartan_qaoa_fit,6,25,1.977711268368826,0.023015435278283876
XXZ,XXZ_4q_Jxy0.25_Jz3.0,0.5,trotter1,2,4,0.2516652782490982,0.9842000648610354
XXZ,XXZ_4q_Jxy0.25_Jz3.0,0.5,trotter1,4,8,0.12057924175484457,0.9962713038680365
XXZ,XXZ_4q_Jxy0.25_Jz3.0,0.5,trotter1,6,12,0.07969412154663255,0.9983598076635272
XXZ,XXZ_4q_Jxy0.25_Jz3.0,0.5,suzuki2,2,6,0.04710661879174612,0.9995941281142544
XXZ,XXZ_4q_Jxy0.25_Jz3.0,0.5,suzuki2,4,12,0.011099674404207876,0.999977414776727
XXZ,XXZ_4q_Jxy0.25_Jz3.0,0.5,suzuki2,6,18,0.004882163016560947,0.9999956286011731
XXZ,XXZ_4q_Jxy0.25_Jz3.0,0.5,cartan_restricted,2,6,0.28566910097652803,0.9745982439491159
XXZ,XXZ_4q_Jxy0.25_Jz3.0,0.5,cartan_restricted,4,12,0.2856691009765279,0.9745982439491152
XXZ,XXZ_4q_Jxy0.25_Jz3.0,0.5,cartan_restricted,6,18,0.28566910097652787,0.9745982439491145
XXZ,XXZ_4q_Jxy0.25_Jz3.0,0.5,lc_qaoa,2,6,0.19990228678630528,0.9930176385562153
XXZ,XXZ_4q_Jxy0.25_Jz3.0,0.5,lc_qaoa,4,12,0.045128376575988664,0.9996325133591454
XXZ,XXZ_4q_Jxy0.25_Jz3.0,0.5,lc_qaoa,6,18,0.01967225032962091,0.9999295434993442
XXZ,XXZ_4q_Jxy0.25_Jz3.0,0.5,alt_qaoa_fit,2,4,0.12536464628771926,0.9967689417328528
XXZ,XXZ_4q_Jxy0.25_Jz3.0,0.5,alt_qaoa_fit,4,8,0.006723903903047168,0.9999938843202903
XXZ,XXZ_4q_Jxy0.25_Jz3.0,0.5,alt_qaoa_fit,6,12,0.0026197094293315803,0.9999990591149436
XXZ,XXZ_4q_Jxy0.25_Jz3.0,0.5,prl_cartan_fit,2,9,0.32625587147908464,0.9700643443619847
XXZ,XXZ_4q_Jxy0.25_Jz3.0,0.5,prl_cartan_fit,4,17,0.32625655281831617,0.9700638690428285
XXZ,XXZ_4q_Jxy0.25_Jz3.0,0.5,prl_cartan_fit,6,25,0.3262639382778926,0.9700637770010527
XXZ,XXZ_4q_Jxy0.25_Jz3.0,0.5,cartan_qaoa_fit,2,9,0.2628289512714348,0.9777015371303555
XXZ,XXZ_4q_Jxy0.25_Jz3.0,0.5,cartan_qaoa_fit,4,17,0.26282987290702925,0.9777008917180201
XXZ,XXZ_4q_Jxy0.25_Jz3.0,0.5,cartan_qaoa_fit,6,25,0.26283494562023624,0.9777013583261137
XXZ,XXZ_4q_Jxy0.25_Jz3.0,1.0,trotter1,2,4,0.576580962730973,0.9304712142539407
XXZ,XXZ_4q_Jxy0.25_Jz3.0,1.0,trotter1,4,8,0.05915253494743681,0.9987728217077534
XXZ,XXZ_4q_Jxy0.25_Jz3.0,1.0,trotter1,6,12,0.031084908360139763,0.9995726029271954
XXZ,XXZ_4q_Jxy0.25_Jz3.0,1.0,suzuki2,2,6,0.551753909415005,0.9413760465444543
XXZ,XXZ_4q_Jxy0.25_Jz3.0,1.0,suzuki2,4,12,0.05012241374484841,0.9996601754223944
XXZ,XXZ_4q_Jxy0.25_Jz3.0,1.0,suzuki2,6,18,0.020918459380129484,0.9999412196726626
XXZ,XXZ_4q_Jxy0.25_Jz3.0,1.0,cartan_restricted,2,6,0.5060105514527046,0.9373825195219622
XXZ,XXZ_4q_Jxy0.25_Jz3.0,1.0,cartan_restricted,4,12,0.5060105514527042,0.9373825195219619
XXZ,XXZ_4q_Jxy0.25_Jz3.0,1.0,cartan_restricted,6,18,0.5060105514527041,0.9373825195219617
XXZ,XXZ_4q_Jxy0.25_Jz3.0,1.0,lc_qaoa,2,6,1.6642331206815082,0.5214691072234142
XXZ,XXZ_4q_Jxy0.25_Jz3.0,1.0,lc_qaoa,4,12,0.24852898022774708,0.9916888283806977
XXZ,XXZ_4q_Jxy0.25_Jz3.0,1.0,lc_qaoa,6,18,0.09303710874419666,0.9988471125546929
XXZ,XXZ_4q_Jxy0.25_Jz3.0,1.0,alt_qaoa_fit,2,4,0.3020642659044703,0.9640410759472966
XXZ,XXZ_4q_Jxy0.25_Jz3.0,1.0,alt_qaoa_fit,4,8,0.04513986980791374,0.9995845971159802
XXZ,XXZ_4q_Jxy0.25_Jz3.0,1.0,alt_qaoa_fit,6,12,0.016093863000418925,0.999948949523248
XXZ,XXZ_4q_Jxy0.25_Jz3.0,1.0,prl_cartan_fit,2,9,0.6020900012647772,0.914300719484482
XXZ,XXZ_4q_Jxy0.25_Jz3.0,1.0,prl_cartan_fit,4,17,0.6020900021383452,0.9143007206098096
XXZ,XXZ_4q_Jxy0.25_Jz3.0,1.0,prl_cartan_fit,6,25,0.6020900116076782,0.9143007139408337
XXZ,XXZ_4q_Jxy0.25_Jz3.0,1.0,cartan_qaoa_fit,2,9,0.5038490669748313,0.9374623408112762
XXZ,XXZ_4q_Jxy0.25_Jz3.0,1.0,cartan_qaoa_fit,4,17,0.5038496753270227,0.937462317721085
XXZ,XXZ_4q_Jxy0.25_Jz3.0,1.0,cartan_qaoa_fit,6,25,0.503850717626749,0.9374622942463866
XXZ,XXZ_4q_Jxy0.25_Jz3.0,1.5,trotter1,2,4,1.147273123730242,0.6956582479268356
XXZ,XXZ_4q_Jxy0.25_Jz3.0,1.5,trotter1,4,8,0.46711381805695507,0.9563623651683539
XXZ,XXZ_4q_Jxy0.25_Jz3.0,1.5,trotter1,6,12,0.26933133376207136,0.9842358986549161
XXZ,XXZ_4q_Jxy0.25_Jz3.0,1.5,suzuki2,2,6,0.8502043909255128,0.852939352868612
XXZ,XXZ_4q_Jxy0.25_Jz3.0,1.5,suzuki2,4,12,0.22916737154871172,0.9922456218882107
XXZ,XXZ_4q_Jxy0.25_Jz3.0,1.5,suzuki2,6,18,0.08543543282127819,0.9989516850114704
XXZ,XXZ_4q_Jxy0.25_Jz3.0,1.5,cartan_restricted,2,6,0.7576170214585373,0.857376088518758
XXZ,XXZ_4q_Jxy0.25_Jz3.0,1.5,cartan_restricted,4,12,0.7576170214585373,0.8573760885187577
XXZ,XXZ_4q_Jxy0.25_Jz3.0,1.5,cartan_restricted,6,18,0.7576170214585375,0.8573760885187575
XXZ,XXZ_4q_Jxy0.25_Jz3.0,1.5,lc_qaoa,2,6,1.767151697165746,0.2082302540080495
XXZ,XXZ_4q_Jxy0.25_Jz3.0,1.5,lc_qaoa,4,12,1.1519029481371803,0.800012566422998
XXZ,XXZ_4q_Jxy0.25_Jz3.0,1.5,lc_qaoa,6,18,0.4030759054281359,0.9772165391404146
XXZ,XXZ_4q_Jxy0.25_Jz3.0,1.5,alt_qaoa_fit,2,4,0.34889461860339893,0.959057580603044
XXZ,XXZ_4q_Jxy0.25_Jz3.0,1.5,alt_qaoa_fit,4,8,0.08564539260968725,0.9973358743826912
XXZ,XXZ_4q_Jxy0.25_Jz3.0,1.5,alt_qaoa_fit,6,12,0.042588532499479324,0.9995715486840254
XXZ,XXZ_4q_Jxy0.25_Jz3.0,1.5,prl_cartan_fit,2,9,0.8881976259696829,0.8118868966850121
XXZ,XXZ_4q_Jxy0.25_Jz3.0,1.5,prl_cartan_fit,4,17,0.8881978385091761,0.8118865108789127
XXZ,XXZ_4q_Jxy0.25_Jz3.0,1.5,prl_cartan_fit,6,25,0.8882001424039853,0.8118866017463976
XXZ,XXZ_4q_Jxy0.25_Jz3.0,1.5,cartan_qaoa_fit,2,9,0.7456270425552669,0.8597347524454226
XXZ,XXZ_4q_Jxy0.25_Jz3.0,1.5,cartan_qaoa_fit,4,17,0.7456286365262526,0.8597340078645227
XXZ,XXZ_4q_Jxy0.25_Jz3.0,1.5,cartan_qaoa_fit,6,25,0.7456327912218323,0.8597343495138818
XXZ,XXZ_4q_Jxy0.5_Jz3.0,0.5,trotter1,2,4,0.4524396578658927,0.9459104867913292
XXZ,XXZ_4q_Jxy0.5_Jz3.0,0.5,trotter1,4,8,0.2091402821785144,0.9874842221660817
XXZ,XXZ_4q_Jxy0.5_Jz3.0,0.5,trotter1,6,12,0.13713137212299406,0.9945146521170493
XXZ,XXZ_4q_Jxy0.5_Jz3.0,0.5,suzuki2,2,6,0.1334314284100165,0.9972498170236209
XXZ,XXZ_4q_Jxy0.5_Jz3.0,0.5,suzuki2,4,12,0.03087743870849048,0.9998517243921293
XXZ,XXZ_4q_Jxy0.5_Jz3.0,0.5,suzuki2,6,18,0.013532000348918015,0.9999714713055586
XXZ,XXZ_4q_Jxy0.5_Jz3.0,0.5,cartan_restricted,2,6,0.5649297994900135,0.9007139879907271
XXZ,XXZ_4q_Jxy0.5_Jz3.0,0.5,cartan_restricted,4,12,0.5649297994900133,0.900713987990726
XXZ,XXZ_4q_Jxy0.5_Jz3.0,0.5,cartan_restricted,6,18,0.5649297994900134,0.9007139879907256
XXZ,XXZ_4q_Jxy0.5_Jz3.0,0.5,lc_qaoa,2,6,0.5878549243419098,0.947174826336877
XXZ,XXZ_4q_Jxy0.5_Jz3.0,0.5,lc_qaoa,4,12,0.1283122102182142,0.9974769617084022
XXZ,XXZ_4q_Jxy0.5_Jz3.0,0.5,lc_qaoa,6,18,0.055101711730931965,0.9995305588926661
XXZ,XXZ_4q_Jxy0.5_Jz3.0,0.5,alt_qaoa_fit,2,4,0.2850424602890122,0.9843003508609712
XXZ,XXZ_4q_Jxy0.5_Jz3.0,0.5,alt_qaoa_fit,4,8,0.02156006159072758,0.999930428763542
XXZ,XXZ_4q_Jxy0.5_Jz3.0,0.5,alt_qaoa_fit,6,12,0.007973569640433546,0.9999902354562369
XXZ,XXZ_4q_Jxy0.5_Jz3.0,0.5,prl_cartan_fit,2,9,0.7391282403795023,0.8536711103825275
XXZ,XXZ_4q_Jxy0.5_Jz3.0,0.5,prl_cartan_fit,4,17,0.7391677275694968,0.8536636760217169
XXZ,XXZ_4q_Jxy0.5_Jz3.0,0.5,prl_cartan_fit,6,25,0.7391147077054744,0.8536647660245763
XXZ,XXZ_4q_Jxy0.5_Jz3.0,0.5,cartan_qaoa_fit,2,9,0.5100496299735454,0.9146996556325766
XXZ,XXZ_4q_Jxy0.5_Jz3.0,0.5,cartan_qaoa_fit,4,17,0.5100840007891001,0.9146896017642456
XXZ,XXZ_4q_Jxy0.5_Jz3.0,0.5,cartan_qaoa_fit,6,25,0.5100983256670177,0.9146827206296854
XXZ,XXZ_4q_Jxy0.5_Jz3.0,1.0,trotter1,2,4,1.1098959098802368,0.7222199085150396
XXZ,XXZ_4q_Jxy0.5_Jz3.0,1.0,trotter1,4,8,0.26114290107486515,0.9847092759257354
XXZ,XXZ_4q_Jxy0.5_Jz3.0,1.0,trotter1,6,12,0.1531205413162558,0.9943072831798411
XXZ,XXZ_4q_Jxy0.5_Jz3.0,1.0,suzuki2,2,6,1.1913746672936227,0.7533124755722115
XXZ,XXZ_4q_Jxy0.5_Jz3.0,1.0,suzuki2,4,12,0.18255953775121359,0.99546351572501
XXZ,XXZ_4q_Jxy0.5_Jz3.0,1.0,suzuki2,6,18,0.0760858483119513,0.9992139418202489
XXZ,XXZ_4q_Jxy0.5_Jz3.0,1.0,cartan_restricted,2,6,0.9908953246341047,0.7561677911016156
XXZ,XXZ_4q_Jxy0.5_Jz3.0,1.0,cartan_restricted,4,12,0.9908953246341048,0.7561677911016158
XXZ,XXZ_4q_Jxy0.5_Jz3.0,1.0,cartan_restricted,6,18,0.9908953246341051,0.7561677911016151
XXZ,XXZ_4q_Jxy0.5_Jz3.0,1.0,lc_qaoa,2,6,1.9905219516659551,0.13415939046450087
XXZ,XXZ_4q_Jxy0.5_Jz3.0,1.0,lc_qaoa,4,12,0.8656684491865899,0.8956844948873268
XXZ,XXZ_4q_Jxy0.5_Jz3.0,1.0,lc_qaoa,6,18,0.33915491901945827,0.9843956484295205
XXZ,XXZ_4q_Jxy0.5_Jz3.0,1.0,alt_qaoa_fit,2,4,0.6622009770909948,0.859488166291562
XXZ,XXZ_4q_Jxy0.5_Jz3.0,1.0,alt_qaoa_fit,4,8,0.1538396539311911,0.9944065002464838
XXZ,XXZ_4q_Jxy0.5_Jz3.0,1.0,alt_qaoa_fit,6,12,0.04213283163701297,0.9994416015439992
XXZ,XXZ_4q_Jxy0.5_Jz3.0,1.0,prl_cartan_fit,2,9,1.2687623321398596,0.5968719982893418
XXZ,XXZ_4q_Jxy0.5_Jz3.0,1.0,prl_cartan_fit,4,17,1.2687620316221206,0.5968726610649062
XXZ,XXZ_4q_Jxy0.5_Jz3.0,1.0,prl_cartan_fit,6,25,1.2687612383525515,0.5968714330319574
XXZ,XXZ_4q_Jxy0.5_Jz3.0,1.0,cartan_qaoa_fit,2,9,0.9829999597888041,0.7567147904883842
XXZ,XXZ_4q_Jxy0.5_Jz3.0,1.0,cartan_qaoa_fit,4,17,0.9830020549748522,0.7567145858326864
XXZ,XXZ_4q_Jxy0.5_Jz3.0,1.0,cartan_qaoa_fit,6,25,0.9829921337204715,0.7567148071325717
XXZ,XXZ_4q_Jxy0.5_Jz3.0,1.5,trotter1,2,4,1.8623341016345787,0.24813712616811218
XXZ,XXZ_4q_Jxy0.5_Jz3.0,1.5,trotter1,4,8,0.9521926071223102,0.8418703768499045
XXZ,XXZ_4q_Jxy0.5_Jz3.0,1.5,trotter1,6,12,0.45987806208363824,0.9559103936990301
XXZ,XXZ_4q_Jxy0.5_Jz3.0,1.5,suzuki2,2,6,1.7967958156905306,0.37315221628270895
XXZ,XXZ_4q_Jxy0.5_Jz3.0,1.5,suzuki2,4,12,0.7453829279134206,0.9227064933906272
XXZ,XXZ_4q_Jxy0.5_Jz3.0,1.5,suzuki2,6,18,0.2785856255841224,0.9894653694861301
XXZ,XXZ_4q_Jxy0.5_Jz3.0,1.5,cartan_restricted,2,6,1.4114355261768485,0.5200698211107738
XXZ,XXZ_4q_Jxy0.5_Jz3.0,1.5,cartan_restricted,4,12,1.4114355261768476,0.5200698211107736
XXZ,XXZ_4q_Jxy0.5_Jz3.0,1.5,cartan_restricted,6,18,1.411435526176848,0.5200698211107738
XXZ,XXZ_4q_Jxy0.5_Jz3.0,1.5,lc_qaoa,2,6,1.7910233684470436,0.012918137050945865
XXZ,XXZ_4q_Jxy0.5_Jz3.0,1.5,lc_qaoa,4,12,1.9818482074590347,0.21444108401900605
XXZ,XXZ_4q_Jxy0.5_Jz3.0,1.5,lc_qaoa,6,18,1.2915453077467824,0.7704445127558222
XXZ,XXZ_4q_Jxy0.5_Jz3.0,1.5,alt_qaoa_fit,2,4,1.9999262201662464,0.8481295758967468
XXZ,XXZ_4q_Jxy0.5_Jz3.0,1.5,alt_qaoa_fit,4,8,0.2959457666543292,0.9636864595405933
XXZ,XXZ_4q_Jxy0.5_Jz3.0,1.5,alt_qaoa_fit,6,12,0.13730578806537508,0.9946552859119641
XXZ,XXZ_4q_Jxy0.5_Jz3.0,1.5,prl_cartan_fit,2,9,1.7141927278904794,0.29961746634043646
XXZ,XXZ_4q_Jxy0.5_Jz3.0,1.5,prl_cartan_fit,4,17,1.7141933120306714,0.29961489440717615
XXZ,XXZ_4q_Jxy0.5_Jz3.0,1.5,prl_cartan_fit,6,25,1.7141948539610707,0.29961555839981036
XXZ,XXZ_4q_Jxy0.5_Jz3.0,1.5,cartan_qaoa_fit,2,9,1.3875370977560224,0.5252778993087753
XXZ,XXZ_4q_Jxy0.5_Jz3.0,1.5,cartan_qaoa_fit,4,17,1.387545499810205,0.5252738304136855
XXZ,XXZ_4q_Jxy0.5_Jz3.0,1.5,cartan_qaoa_fit,6,25,1.3875302804571967,0.5252763954639756
XXZ,XXZ_4q_Jxy1.0_Jz3.0,0.5,trotter1,2,4,0.6328286984042976,0.8607351732824482
XXZ,XXZ_4q_Jxy1.0_Jz3.0,0.5,trotter1,4,8,0.27133436715516795,0.9688897275238333
XXZ,XXZ_4q_Jxy1.0_Jz3.0,0.5,trotter1,6,12,0.17746422565031758,0.9864425342413664
XXZ,XXZ_4q_Jxy1.0_Jz3.0,0.5,suzuki2,2,6,0.36180285024143516,0.9798307906724558
XXZ,XXZ_4q_Jxy1.0_Jz3.0,0.5,suzuki2,4,12,0.07790757659879213,0.999018217324185
XXZ,XXZ_4q_Jxy1.0_Jz3.0,0.5,suzuki2,6,18,0.03362467537254437,0.9998149487671
XXZ,XXZ_4q_Jxy1.0_Jz3.0,0.5,cartan_restricted,2,6,1.054628940428375,0.6429720790822415
XXZ,XXZ_4q_Jxy1.0_Jz3.0,0.5,cartan_restricted,4,12,1.0546289404283755,0.6429720790822412
XXZ,XXZ_4q_Jxy1.0_Jz3.0,0.5,cartan_restricted,6,18,1.0546289404283749,0.6429720790822403
XXZ,XXZ_4q_Jxy1.0_Jz3.0,0.5,lc_qaoa,2,6,1.4863445775445863,0.6445777555652075
XXZ,XXZ_4q_Jxy1.0_Jz3.0,0.5,lc_qaoa,4,12,0.3380958706618756,0.9819127807258047
XXZ,XXZ_4q_Jxy1.0_Jz3.0,0.5,lc_qaoa,6,18,0.1402015084664863,0.9968258517125328
XXZ,XXZ_4q_Jxy1.0_Jz3.0,0.5,alt_qaoa_fit,2,4,0.6415972443222168,0.9121636640095969
XXZ,XXZ_4q_Jxy1.0_Jz3.0,0.5,alt_qaoa_fit,4,8,0.06299334437428279,0.9993400368391406
XXZ,XXZ_4q_Jxy1.0_Jz3.0,0.5,alt_qaoa_fit,6,12,0.02257125458461546,0.9999136842407151
XXZ,XXZ_4q_Jxy1.0_Jz3.0,0.5,prl_cartan_fit,2,9,1.0942335431897225,0.5785912921861113
XXZ,XXZ_4q_Jxy1.0_Jz3.0,0.5,prl_cartan_fit,4,17,1.0942463932734328,0.578555784552679
XXZ,XXZ_4q_Jxy1.0_Jz3.0,0.5,prl_cartan_fit,6,25,1.0942278259148626,0.5785319015886782
XXZ,XXZ_4q_Jxy1.0_Jz3.0,0.5,cartan_qaoa_fit,2,9,0.9534427317804687,0.6975475655754066
XXZ,XXZ_4q_Jxy1.0_Jz3.0,0.5,cartan_qaoa_fit,4,17,0.9232038331011512,0.7231264802905286
XXZ,XXZ_4q_Jxy1.0_Jz3.0,0.5,cartan_qaoa_fit,6,25,0.9605682070703093,0.685114912734067
XXZ,XXZ_4q_Jxy1.0_Jz3.0,1.0,trotter1,2,4,1.8622556195279967,0.16787015243072148
XXZ,XXZ_4q_Jxy1.0_Jz3.0,1.0,trotter1,4,8,0.9744542673346442,0.8483664373181092
XXZ,XXZ_4q_Jxy1.0_Jz3.0,1.0,trotter1,6,12,0.5554402149181815,0.9477260628244498
XXZ,XXZ_4q_Jxy1.0_Jz3.0,1.0,suzuki2,2,6,1.9334418078570659,0.23207776294228546
XXZ,XXZ_4q_Jxy1.0_Jz3.0,1.0,suzuki2,4,12,0.6541015128217379,0.9400624136025318
XXZ,XXZ_4q_Jxy1.0_Jz3.0,1.0,suzuki2,6,18,0.26482176740009095,0.9899783953792919
XXZ,XXZ_4q_Jxy1.0_Jz3.0,1.0,cartan_restricted,2,6,1.7359388204555342,0.25789217860915
XXZ,XXZ_4q_Jxy1.0_Jz3.0,1.0,cartan_restricted,4,12,1.7359388204555342,0.25789217860914987
XXZ,XXZ_4q_Jxy1.0_Jz3.0,1.0,cartan_restricted,6,18,1.735938820455534,0.25789217860914954
XXZ,XXZ_4q_Jxy1.0_Jz3.0,1.0,lc_qaoa,2,6,1.6667484680016955,0.012895209251195165
XXZ,XXZ_4q_Jxy1.0_Jz3.0,1.0,lc_qaoa,4,12,1.9345669350505958,0.33648784020974876
XXZ,XXZ_4q_Jxy1.0_Jz3.0,1.0,lc_qaoa,6,18,1.130260499400207,0.816480751636355
XXZ,XXZ_4q_Jxy1.0_Jz3.0,1.0,alt_qaoa_fit,2,4,1.387146921290705,0.5651087764784035
XXZ,XXZ_4q_Jxy1.0_Jz3.0,1.0,alt_qaoa_fit,4,8,0.5921297700763738,0.9350537780102628
XXZ,XXZ_4q_Jxy1.0_Jz3.0,1.0,alt_qaoa_fit,6,12,0.15843710179214274,0.9945117593119069
XXZ,XXZ_4q_Jxy1.0_Jz3.0,1.0,prl_cartan_fit,2,9,1.623373371528292,0.15687673541369632
XXZ,XXZ_4q_Jxy1.0_Jz3.0,1.0,prl_cartan_fit,4,17,1.623374153677289,0.1568733776556001
XXZ,XXZ_4q_Jxy1.0_Jz3.0,1.0,prl_cartan_fit,6,25,1.6233730236150907,0.1568696881689194
XXZ,XXZ_4q_Jxy1.0_Jz3.0,1.0,cartan_qaoa_fit,2,9,1.715496660994262,0.25453865900836836
XXZ,XXZ_4q_Jxy1.0_Jz3.0,1.0,cartan_qaoa_fit,4,17,1.7154269064977825,0.2545273975624008
XXZ,XXZ_4q_Jxy1.0_Jz3.0,1.0,cartan_qaoa_fit,6,25,1.7155220078365003,0.2545380839250609
XXZ,XXZ_4q_Jxy1.0_Jz3.0,1.5,trotter1,2,4,1.8769180413184945,0.06910554846862188
XXZ,XXZ_4q_Jxy1.0_Jz3.0,1.5,trotter1,4,8,1.7052042541920183,0.4480412556471575
XXZ,XXZ_4q_Jxy1.0_Jz3.0,1.5,trotter1,6,12,1.0909961595389381,0.7982692748500657
XXZ,XXZ_4q_Jxy1.0_Jz3.0,1.5,suzuki2,2,6,1.9495521036473578,0.0005132277091327441
XXZ,XXZ_4q_Jxy1.0_Jz3.0,1.5,suzuki2,4,12,1.8295676521551731,0.4697220438579824
XXZ,XXZ_4q_Jxy1.0_Jz3.0,1.5,suzuki2,6,18,0.8839504026813678,0.886891052222093
XXZ,XXZ_4q_Jxy1.0_Jz3.0,1.5,cartan_restricted,2,6,1.999984594803653,0.072748360315522
XXZ,XXZ_4q_Jxy1.0_Jz3.0,1.5,cartan_restricted,4,12,1.9999845948036528,0.0727483603155219
XXZ,XXZ_4q_Jxy1.0_Jz3.0,1.5,cartan_restricted,6,18,1.9999845948036528,0.07274836031552184
XXZ,XXZ_4q_Jxy1.0_Jz3.0,1.5,lc_qaoa,2,6,1.9310471412004426,0.013783640453722684
XXZ,XXZ_4q_Jxy1.0_Jz3.0,1.5,lc_qaoa,4,12,1.9999999829551212,0.011449318238993695
XXZ,XXZ_4q_Jxy1.0_Jz3.0,1.5,lc_qaoa,6,18,1.9911216333721131,0.16720284245446004
XXZ,XXZ_4q_Jxy1.0_Jz3.0,1.5,alt_qaoa_fit,2,4,1.9234862903011578,0.40668866281997434
XXZ,XXZ_4q_Jxy1.0_Jz3.0,1.5,alt_qaoa_fit,4,8,1.9999996909523954,0.7822474100804441
XXZ,XXZ_4q_Jxy1.0_Jz3.0,1.5,alt_qaoa_fit,6,12,0.5798267091887346,0.9425580149456801
XXZ,XXZ_4q_Jxy1.0_Jz3.0,1.5,prl_cartan_fit,2,9,1.8594927714435692,0.032829339504441224
XXZ,XXZ_4q_Jxy1.0_Jz3.0,1.5,prl_cartan_fit,4,17,1.8594877820486804,0.03283209383504785
XXZ,XXZ_4q_Jxy1.0_Jz3.0,1.5,prl_cartan_fit,6,25,1.8594859591402129,0.032834941820600504
XXZ,XXZ_4q_Jxy1.0_Jz3.0,1.5,cartan_qaoa_fit,2,9,1.9273172068156068,0.25373360592265937
XXZ,XXZ_4q_Jxy1.0_Jz3.0,1.5,cartan_qaoa_fit,4,17,1.9272289106110843,0.25364594466540114
XXZ,XXZ_4q_Jxy1.0_Jz3.0,1.5,cartan_qaoa_fit,6,25,1.9271481098322474,0.2536100143536962
